file,line,type,commit,author,date,time,timezone,datetime,depth,length
style.css,1,css,7bd467ce,Eric Zhao,2026-04-10,22:39:23,-07:00,2026-04-10T22:39:23-07:00,0,5
style.css,2,css,7bd467ce,Eric Zhao,2026-04-10,22:39:23,-07:00,2026-04-10T22:39:23-07:00,2,31
style.css,3,css,7bd467ce,Eric Zhao,2026-04-10,22:39:23,-07:00,2026-04-10T22:39:23-07:00,0,0
style.css,4,css,7bd467ce,Eric Zhao,2026-04-10,22:39:23,-07:00,2026-04-10T22:39:23-07:00,0,0
style.css,5,css,7bd467ce,Eric Zhao,2026-04-10,22:39:23,-07:00,2026-04-10T22:39:23-07:00,0,4
style.css,6,css,aad7930e,Eric Zhao,2026-04-17,21:13:43,-07:00,2026-04-17T21:13:43-07:00,2,23
style.css,7,css,aad7930e,Eric Zhao,2026-04-17,21:13:43,-07:00,2026-04-17T21:13:43-07:00,2,32
style.css,8,css,7bd467ce,Eric Zhao,2026-04-10,22:39:23,-07:00,2026-04-10T22:39:23-07:00,0,0
style.css,9,css,aad7930e,Eric Zhao,2026-04-17,21:13:43,-07:00,2026-04-17T21:13:43-07:00,0,0
style.css,10,css,695964fd,Eric Zhao,2026-04-02,14:05:44,-07:00,2026-04-02T14:05:44-07:00,0,4
style.css,11,css,695964fd,Eric Zhao,2026-04-02,14:05:44,-07:00,2026-04-02T14:05:44-07:00,2,23
style.css,12,css,7bd467ce,Eric Zhao,2026-04-10,22:39:23,-07:00,2026-04-10T22:39:23-07:00,2,15
style.css,13,css,7bd467ce,Eric Zhao,2026-04-10,22:39:23,-07:00,2026-04-10T22:39:23-07:00,2,42
style.css,14,css,7bd467ce,Eric Zhao,2026-04-10,22:39:23,-07:00,2026-04-10T22:39:23-07:00,0,0
style.css,15,css,7bd467ce,Eric Zhao,2026-04-10,22:39:23,-07:00,2026-04-10T22:39:23-07:00,0,0
style.css,16,css,1f0bde4a,Eric Zhao,2026-05-01,13:19:18,-07:00,2026-05-01T13:19:18-07:00,0,2
style.css,17,css,1f0bde4a,Eric Zhao,2026-05-01,13:19:18,-07:00,2026-05-01T13:19:18-07:00,2,14
style.css,18,css,1f0bde4a,Eric Zhao,2026-05-01,13:19:18,-07:00,2026-05-01T13:19:18-07:00,0,0
style.css,19,css,1f0bde4a,Eric Zhao,2026-05-01,13:19:18,-07:00,2026-05-01T13:19:18-07:00,0,0
style.css,20,css,1f0bde4a,Eric Zhao,2026-05-01,13:19:18,-07:00,2026-05-01T13:19:18-07:00,0,22
style.css,21,css,1f0bde4a,Eric Zhao,2026-05-01,13:19:18,-07:00,2026-05-01T13:19:18-07:00,2,15
style.css,22,css,1f0bde4a,Eric Zhao,2026-05-01,13:19:18,-07:00,2026-05-01T13:19:18-07:00,2,17
style.css,23,css,1f0bde4a,Eric Zhao,2026-05-01,13:19:18,-07:00,2026-05-01T13:19:18-07:00,0,0
style.css,24,css,1f0bde4a,Eric Zhao,2026-05-01,13:19:18,-07:00,2026-05-01T13:19:18-07:00,0,0
style.css,25,css,aad7930e,Eric Zhao,2026-04-17,21:13:43,-07:00,2026-04-17T21:13:43-07:00,0,0
style.css,26,css,7bd467ce,Eric Zhao,2026-04-10,22:39:23,-07:00,2026-04-10T22:39:23-07:00,0,3
style.css,27,css,7bd467ce,Eric Zhao,2026-04-10,22:39:23,-07:00,2026-04-10T22:39:23-07:00,2,12
style.css,28,css,7bd467ce,Eric Zhao,2026-04-10,22:39:23,-07:00,2026-04-10T22:39:23-07:00,2,17
style.css,29,css,7bd467ce,Eric Zhao,2026-04-10,22:39:23,-07:00,2026-04-10T22:39:23-07:00,2,17
style.css,30,css,aad7930e,Eric Zhao,2026-04-17,21:13:43,-07:00,2026-04-17T21:13:43-07:00,2,39
style.css,31,css,aad7930e,Eric Zhao,2026-04-17,21:13:43,-07:00,2026-04-17T21:13:43-07:00,2,43
style.css,32,css,aad7930e,Eric Zhao,2026-04-17,21:13:43,-07:00,2026-04-17T21:13:43-07:00,0,0
style.css,33,css,aad7930e,Eric Zhao,2026-04-17,21:13:43,-07:00,2026-04-17T21:13:43-07:00,0,0
style.css,34,css,aad7930e,Eric Zhao,2026-04-17,21:13:43,-07:00,2026-04-17T21:13:43-07:00,0,5
style.css,35,css,aad7930e,Eric Zhao,2026-04-17,21:13:43,-07:00,2026-04-17T21:13:43-07:00,0,6
style.css,36,css,aad7930e,Eric Zhao,2026-04-17,21:13:43,-07:00,2026-04-17T21:13:43-07:00,2,16
style.css,37,css,7bd467ce,Eric Zhao,2026-04-10,22:39:23,-07:00,2026-04-10T22:39:23-07:00,0,0
style.css,38,css,7bd467ce,Eric Zhao,2026-04-10,22:39:23,-07:00,2026-04-10T22:39:23-07:00,0,0
style.css,39,css,7bd467ce,Eric Zhao,2026-04-10,22:39:23,-07:00,2026-04-10T22:39:23-07:00,0,5
style.css,40,css,7bd467ce,Eric Zhao,2026-04-10,22:39:23,-07:00,2026-04-10T22:39:23-07:00,2,6
style.css,41,css,7bd467ce,Eric Zhao,2026-04-10,22:39:23,-07:00,2026-04-10T22:39:23-07:00,2,20
style.css,42,css,7bd467ce,Eric Zhao,2026-04-10,22:39:23,-07:00,2026-04-10T22:39:23-07:00,2,13
style.css,43,css,7bd467ce,Eric Zhao,2026-04-10,22:39:23,-07:00,2026-04-10T22:39:23-07:00,2,17
style.css,44,css,7bd467ce,Eric Zhao,2026-04-10,22:39:23,-07:00,2026-04-10T22:39:23-07:00,2,13
style.css,45,css,7bd467ce,Eric Zhao,2026-04-10,22:39:23,-07:00,2026-04-10T22:39:23-07:00,0,0
style.css,46,css,7bd467ce,Eric Zhao,2026-04-10,22:39:23,-07:00,2026-04-10T22:39:23-07:00,0,0
style.css,47,css,7bd467ce,Eric Zhao,2026-04-10,22:39:23,-07:00,2026-04-10T22:39:23-07:00,0,13
style.css,48,css,aad7930e,Eric Zhao,2026-04-17,21:13:43,-07:00,2026-04-17T21:13:43-07:00,2,45
style.css,49,css,aad7930e,Eric Zhao,2026-04-17,21:13:43,-07:00,2026-04-17T21:13:43-07:00,2,20
style.css,50,css,7bd467ce,Eric Zhao,2026-04-10,22:39:23,-07:00,2026-04-10T22:39:23-07:00,0,0
style.css,51,css,7bd467ce,Eric Zhao,2026-04-10,22:39:23,-07:00,2026-04-10T22:39:23-07:00,0,0
style.css,52,css,7bd467ce,Eric Zhao,2026-04-10,22:39:23,-07:00,2026-04-10T22:39:23-07:00,0,11
style.css,53,css,7bd467ce,Eric Zhao,2026-04-10,22:39:23,-07:00,2026-04-10T22:39:23-07:00,2,45
style.css,54,css,aad7930e,Eric Zhao,2026-04-17,21:13:43,-07:00,2026-04-17T21:13:43-07:00,2,69
style.css,55,css,aad7930e,Eric Zhao,2026-04-17,21:13:43,-07:00,2026-04-17T21:13:43-07:00,0,0
style.css,56,css,aad7930e,Eric Zhao,2026-04-17,21:13:43,-07:00,2026-04-17T21:13:43-07:00,0,0
style.css,57,css,aad7930e,Eric Zhao,2026-04-17,21:13:43,-07:00,2026-04-17T21:13:43-07:00,0,13
style.css,58,css,aad7930e,Eric Zhao,2026-04-17,21:13:43,-07:00,2026-04-17T21:13:43-07:00,2,17
style.css,59,css,aad7930e,Eric Zhao,2026-04-17,21:13:43,-07:00,2026-04-17T21:13:43-07:00,2,8
style.css,60,css,aad7930e,Eric Zhao,2026-04-17,21:13:43,-07:00,2026-04-17T21:13:43-07:00,2,10
style.css,61,css,aad7930e,Eric Zhao,2026-04-17,21:13:43,-07:00,2026-04-17T21:13:43-07:00,2,13
style.css,62,css,7bd467ce,Eric Zhao,2026-04-10,22:39:23,-07:00,2026-04-10T22:39:23-07:00,0,0
style.css,63,css,9fd58beb,Eric Zhao,2026-04-10,23:09:59,-07:00,2026-04-10T23:09:59-07:00,0,0
style.css,64,css,aad7930e,Eric Zhao,2026-04-17,21:13:43,-07:00,2026-04-17T21:13:43-07:00,0,0
style.css,65,css,9fd58beb,Eric Zhao,2026-04-10,23:09:59,-07:00,2026-04-10T23:09:59-07:00,0,4
style.css,66,css,9fd58beb,Eric Zhao,2026-04-10,23:09:59,-07:00,2026-04-10T23:09:59-07:00,0,7
style.css,67,css,aad7930e,Eric Zhao,2026-04-17,21:13:43,-07:00,2026-04-17T21:13:43-07:00,0,5
style.css,68,css,aad7930e,Eric Zhao,2026-04-17,21:13:43,-07:00,2026-04-17T21:13:43-07:00,0,6
style.css,69,css,aad7930e,Eric Zhao,2026-04-17,21:13:43,-07:00,2026-04-17T21:13:43-07:00,2,12
style.css,70,css,9fd58beb,Eric Zhao,2026-04-10,23:09:59,-07:00,2026-04-10T23:09:59-07:00,0,0
style.css,71,css,9fd58beb,Eric Zhao,2026-04-10,23:09:59,-07:00,2026-04-10T23:09:59-07:00,0,0
style.css,72,css,9fd58beb,Eric Zhao,2026-04-10,23:09:59,-07:00,2026-04-10T23:09:59-07:00,0,4
style.css,73,css,9fd58beb,Eric Zhao,2026-04-10,23:09:59,-07:00,2026-04-10T23:09:59-07:00,2,12
style.css,74,css,9fd58beb,Eric Zhao,2026-04-10,23:09:59,-07:00,2026-04-10T23:09:59-07:00,2,30
style.css,75,css,9fd58beb,Eric Zhao,2026-04-10,23:09:59,-07:00,2026-04-10T23:09:59-07:00,2,7
style.css,76,css,9fd58beb,Eric Zhao,2026-04-10,23:09:59,-07:00,2026-04-10T23:09:59-07:00,0,0
style.css,77,css,9fd58beb,Eric Zhao,2026-04-10,23:09:59,-07:00,2026-04-10T23:09:59-07:00,0,0
style.css,78,css,9fd58beb,Eric Zhao,2026-04-10,23:09:59,-07:00,2026-04-10T23:09:59-07:00,0,5
style.css,79,css,9fd58beb,Eric Zhao,2026-04-10,23:09:59,-07:00,2026-04-10T23:09:59-07:00,2,12
style.css,80,css,9fd58beb,Eric Zhao,2026-04-10,23:09:59,-07:00,2026-04-10T23:09:59-07:00,2,29
style.css,81,css,9fd58beb,Eric Zhao,2026-04-10,23:09:59,-07:00,2026-04-10T23:09:59-07:00,2,18
style.css,82,css,9fd58beb,Eric Zhao,2026-04-10,23:09:59,-07:00,2026-04-10T23:09:59-07:00,2,18
style.css,83,css,9fd58beb,Eric Zhao,2026-04-10,23:09:59,-07:00,2026-04-10T23:09:59-07:00,0,0
style.css,84,css,9fd58beb,Eric Zhao,2026-04-10,23:09:59,-07:00,2026-04-10T23:09:59-07:00,0,0
style.css,85,css,9fd58beb,Eric Zhao,2026-04-10,23:09:59,-07:00,2026-04-10T23:09:59-07:00,0,6
style.css,86,css,9fd58beb,Eric Zhao,2026-04-10,23:09:59,-07:00,2026-04-10T23:09:59-07:00,2,18
style.css,87,css,9fd58beb,Eric Zhao,2026-04-10,23:09:59,-07:00,2026-04-10T23:09:59-07:00,2,14
style.css,88,css,9fd58beb,Eric Zhao,2026-04-10,23:09:59,-07:00,2026-04-10T23:09:59-07:00,0,0
style.css,89,css,9fd58beb,Eric Zhao,2026-04-10,23:09:59,-07:00,2026-04-10T23:09:59-07:00,0,0
style.css,90,css,aad7930e,Eric Zhao,2026-04-17,21:13:43,-07:00,2026-04-17T21:13:43-07:00,0,0
style.css,91,css,9fd58beb,Eric Zhao,2026-04-10,23:09:59,-07:00,2026-04-10T23:09:59-07:00,0,9
style.css,92,css,aad7930e,Eric Zhao,2026-04-17,21:13:43,-07:00,2026-04-17T21:13:43-07:00,2,12
style.css,93,css,aad7930e,Eric Zhao,2026-04-17,21:13:43,-07:00,2026-04-17T21:13:43-07:00,2,58
style.css,94,css,9fd58beb,Eric Zhao,2026-04-10,23:09:59,-07:00,2026-04-10T23:09:59-07:00,2,7
style.css,95,css,9fd58beb,Eric Zhao,2026-04-10,23:09:59,-07:00,2026-04-10T23:09:59-07:00,0,0
style.css,96,css,9fd58beb,Eric Zhao,2026-04-10,23:09:59,-07:00,2026-04-10T23:09:59-07:00,0,0
style.css,97,css,9fd58beb,Eric Zhao,2026-04-10,23:09:59,-07:00,2026-04-10T23:09:59-07:00,0,17
style.css,98,css,aad7930e,Eric Zhao,2026-04-17,21:13:43,-07:00,2026-04-17T21:13:43-07:00,2,12
style.css,99,css,aad7930e,Eric Zhao,2026-04-17,21:13:43,-07:00,2026-04-17T21:13:43-07:00,2,26
style.css,100,css,9fd58beb,Eric Zhao,2026-04-10,23:09:59,-07:00,2026-04-10T23:09:59-07:00,2,15
style.css,101,css,9fd58beb,Eric Zhao,2026-04-10,23:09:59,-07:00,2026-04-10T23:09:59-07:00,2,7
style.css,102,css,9fd58beb,Eric Zhao,2026-04-10,23:09:59,-07:00,2026-04-10T23:09:59-07:00,0,0
style.css,103,css,9fd58beb,Eric Zhao,2026-04-10,23:09:59,-07:00,2026-04-10T23:09:59-07:00,0,0
style.css,104,css,9fd58beb,Eric Zhao,2026-04-10,23:09:59,-07:00,2026-04-10T23:09:59-07:00,0,12
style.css,105,css,9fd58beb,Eric Zhao,2026-04-10,23:09:59,-07:00,2026-04-10T23:09:59-07:00,2,8
style.css,106,css,9fd58beb,Eric Zhao,2026-04-10,23:09:59,-07:00,2026-04-10T23:09:59-07:00,0,0
style.css,107,css,fc838fa3,Eric Zhao,2026-04-10,23:16:01,-07:00,2026-04-10T23:16:01-07:00,0,0
style.css,108,css,1f0bde4a,Eric Zhao,2026-05-01,13:19:18,-07:00,2026-05-01T13:19:18-07:00,0,13
style.css,109,css,1f0bde4a,Eric Zhao,2026-05-01,13:19:18,-07:00,2026-05-01T13:19:18-07:00,2,13
style.css,110,css,1f0bde4a,Eric Zhao,2026-05-01,13:19:18,-07:00,2026-05-01T13:19:18-07:00,2,16
style.css,111,css,1f0bde4a,Eric Zhao,2026-05-01,13:19:18,-07:00,2026-05-01T13:19:18-07:00,2,49
style.css,112,css,1f0bde4a,Eric Zhao,2026-05-01,13:19:18,-07:00,2026-05-01T13:19:18-07:00,2,34
style.css,113,css,1f0bde4a,Eric Zhao,2026-05-01,13:19:18,-07:00,2026-05-01T13:19:18-07:00,2,17
style.css,114,css,1f0bde4a,Eric Zhao,2026-05-01,13:19:18,-07:00,2026-05-01T13:19:18-07:00,2,10
style.css,115,css,1f0bde4a,Eric Zhao,2026-05-01,13:19:18,-07:00,2026-05-01T13:19:18-07:00,0,0
style.css,116,css,1f0bde4a,Eric Zhao,2026-05-01,13:19:18,-07:00,2026-05-01T13:19:18-07:00,0,0
style.css,117,css,1f0bde4a,Eric Zhao,2026-05-01,13:19:18,-07:00,2026-05-01T13:19:18-07:00,0,35
style.css,118,css,1f0bde4a,Eric Zhao,2026-05-01,13:19:18,-07:00,2026-05-01T13:19:18-07:00,2,13
style.css,119,css,1f0bde4a,Eric Zhao,2026-05-01,13:19:18,-07:00,2026-05-01T13:19:18-07:00,4,10
style.css,120,css,1f0bde4a,Eric Zhao,2026-05-01,13:19:18,-07:00,2026-05-01T13:19:18-07:00,2,0
style.css,121,css,1f0bde4a,Eric Zhao,2026-05-01,13:19:18,-07:00,2026-05-01T13:19:18-07:00,0,0
style.css,122,css,1f0bde4a,Eric Zhao,2026-05-01,13:19:18,-07:00,2026-05-01T13:19:18-07:00,0,0
style.css,123,css,aad7930e,Eric Zhao,2026-04-17,21:13:43,-07:00,2026-04-17T21:13:43-07:00,0,0
style.css,124,css,fc838fa3,Eric Zhao,2026-04-10,23:16:01,-07:00,2026-04-10T23:16:01-07:00,0,21
style.css,125,css,fc838fa3,Eric Zhao,2026-04-10,23:16:01,-07:00,2026-04-10T23:16:01-07:00,2,12
style.css,126,css,fc838fa3,Eric Zhao,2026-04-10,23:16:01,-07:00,2026-04-10T23:16:01-07:00,2,35
style.css,127,css,fc838fa3,Eric Zhao,2026-04-10,23:16:01,-07:00,2026-04-10T23:16:01-07:00,2,9
style.css,128,css,fc838fa3,Eric Zhao,2026-04-10,23:16:01,-07:00,2026-04-10T23:16:01-07:00,2,14
style.css,129,css,fc838fa3,Eric Zhao,2026-04-10,23:16:01,-07:00,2026-04-10T23:16:01-07:00,0,0
style.css,130,css,fc838fa3,Eric Zhao,2026-04-10,23:16:01,-07:00,2026-04-10T23:16:01-07:00,0,0
style.css,131,css,fc838fa3,Eric Zhao,2026-04-10,23:16:01,-07:00,2026-04-10T23:16:01-07:00,0,29
style.css,132,css,fc838fa3,Eric Zhao,2026-04-10,23:16:01,-07:00,2026-04-10T23:16:01-07:00,2,12
style.css,133,css,fc838fa3,Eric Zhao,2026-04-10,23:16:01,-07:00,2026-04-10T23:16:01-07:00,2,29
style.css,134,css,fc838fa3,Eric Zhao,2026-04-10,23:16:01,-07:00,2026-04-10T23:16:01-07:00,2,18
style.css,135,css,fc838fa3,Eric Zhao,2026-04-10,23:16:01,-07:00,2026-04-10T23:16:01-07:00,2,20
style.css,136,css,fc838fa3,Eric Zhao,2026-04-10,23:16:01,-07:00,2026-04-10T23:16:01-07:00,2,18
style.css,137,css,aad7930e,Eric Zhao,2026-04-17,21:13:43,-07:00,2026-04-17T21:13:43-07:00,2,48
style.css,138,css,fc838fa3,Eric Zhao,2026-04-10,23:16:01,-07:00,2026-04-10T23:16:01-07:00,0,0
style.css,139,css,fc838fa3,Eric Zhao,2026-04-10,23:16:01,-07:00,2026-04-10T23:16:01-07:00,0,0
style.css,140,css,fc838fa3,Eric Zhao,2026-04-10,23:16:01,-07:00,2026-04-10T23:16:01-07:00,0,24
style.css,141,css,fc838fa3,Eric Zhao,2026-04-10,23:16:01,-07:00,2026-04-10T23:16:01-07:00,2,8
style.css,142,css,fc838fa3,Eric Zhao,2026-04-10,23:16:01,-07:00,2026-04-10T23:16:01-07:00,2,15
style.css,143,css,fc838fa3,Eric Zhao,2026-04-10,23:16:01,-07:00,2026-04-10T23:16:01-07:00,0,0
style.css,144,css,fc838fa3,Eric Zhao,2026-04-10,23:16:01,-07:00,2026-04-10T23:16:01-07:00,0,0
style.css,145,css,fc838fa3,Eric Zhao,2026-04-10,23:16:01,-07:00,2026-04-10T23:16:01-07:00,0,27
style.css,146,css,fc838fa3,Eric Zhao,2026-04-10,23:16:01,-07:00,2026-04-10T23:16:01-07:00,2,8
style.css,147,css,fc838fa3,Eric Zhao,2026-04-10,23:16:01,-07:00,2026-04-10T23:16:01-07:00,2,17
style.css,148,css,1f0bde4a,Eric Zhao,2026-05-01,13:19:18,-07:00,2026-05-01T13:19:18-07:00,2,11
style.css,149,css,fc838fa3,Eric Zhao,2026-04-10,23:16:01,-07:00,2026-04-10T23:16:01-07:00,0,0
style.css,150,css,fc838fa3,Eric Zhao,2026-04-10,23:16:01,-07:00,2026-04-10T23:16:01-07:00,0,0
style.css,151,css,fc838fa3,Eric Zhao,2026-04-10,23:16:01,-07:00,2026-04-10T23:16:01-07:00,0,26
style.css,152,css,fc838fa3,Eric Zhao,2026-04-10,23:16:01,-07:00,2026-04-10T23:16:01-07:00,2,33
style.css,153,css,fc838fa3,Eric Zhao,2026-04-10,23:16:01,-07:00,2026-04-10T23:16:01-07:00,2,25
style.css,154,css,fc838fa3,Eric Zhao,2026-04-10,23:16:01,-07:00,2026-04-10T23:16:01-07:00,2,15
style.css,155,css,cbc9de51,Eric Zhao,2026-04-24,17:12:16,-07:00,2026-04-24T17:12:16-07:00,0,0
style.css,156,css,cbc9de51,Eric Zhao,2026-04-24,17:12:16,-07:00,2026-04-24T17:12:16-07:00,0,0
style.css,157,css,1f0bde4a,Eric Zhao,2026-05-01,13:19:18,-07:00,2026-05-01T13:19:18-07:00,0,0
style.css,158,css,cbc9de51,Eric Zhao,2026-04-24,17:12:16,-07:00,2026-04-24T17:12:16-07:00,0,17
style.css,159,css,cbc9de51,Eric Zhao,2026-04-24,17:12:16,-07:00,2026-04-24T17:12:16-07:00,2,12
style.css,160,css,cbc9de51,Eric Zhao,2026-04-24,17:12:16,-07:00,2026-04-24T17:12:16-07:00,2,36
style.css,161,css,cbc9de51,Eric Zhao,2026-04-24,17:12:16,-07:00,2026-04-24T17:12:16-07:00,2,7
style.css,162,css,cbc9de51,Eric Zhao,2026-04-24,17:12:16,-07:00,2026-04-24T17:12:16-07:00,2,13
style.css,163,css,cbc9de51,Eric Zhao,2026-04-24,17:12:16,-07:00,2026-04-24T17:12:16-07:00,2,17
style.css,164,css,cbc9de51,Eric Zhao,2026-04-24,17:12:16,-07:00,2026-04-24T17:12:16-07:00,2,17
style.css,165,css,cbc9de51,Eric Zhao,2026-04-24,17:12:16,-07:00,2026-04-24T17:12:16-07:00,0,0
style.css,166,css,cbc9de51,Eric Zhao,2026-04-24,17:12:16,-07:00,2026-04-24T17:12:16-07:00,0,0
style.css,167,css,cbc9de51,Eric Zhao,2026-04-24,17:12:16,-07:00,2026-04-24T17:12:16-07:00,0,17
style.css,168,css,cbc9de51,Eric Zhao,2026-04-24,17:12:16,-07:00,2026-04-24T17:12:16-07:00,2,10
style.css,169,css,cbc9de51,Eric Zhao,2026-04-24,17:12:16,-07:00,2026-04-24T17:12:16-07:00,2,16
style.css,170,css,cbc9de51,Eric Zhao,2026-04-24,17:12:16,-07:00,2026-04-24T17:12:16-07:00,2,10
style.css,171,css,cbc9de51,Eric Zhao,2026-04-24,17:12:16,-07:00,2026-04-24T17:12:16-07:00,2,24
style.css,172,css,cbc9de51,Eric Zhao,2026-04-24,17:12:16,-07:00,2026-04-24T17:12:16-07:00,2,16
style.css,173,css,cbc9de51,Eric Zhao,2026-04-24,17:12:16,-07:00,2026-04-24T17:12:16-07:00,0,0
style.css,174,css,cbc9de51,Eric Zhao,2026-04-24,17:12:16,-07:00,2026-04-24T17:12:16-07:00,0,0
style.css,175,css,cbc9de51,Eric Zhao,2026-04-24,17:12:16,-07:00,2026-04-24T17:12:16-07:00,0,17
style.css,176,css,cbc9de51,Eric Zhao,2026-04-24,17:12:16,-07:00,2026-04-24T17:12:16-07:00,2,10
style.css,177,css,1f0bde4a,Eric Zhao,2026-05-01,13:19:18,-07:00,2026-05-01T13:19:18-07:00,2,8
style.css,178,css,cbc9de51,Eric Zhao,2026-04-24,17:12:16,-07:00,2026-04-24T17:12:16-07:00,2,13
style.css,179,css,cbc9de51,Eric Zhao,2026-04-24,17:12:16,-07:00,2026-04-24T17:12:16-07:00,2,16
style.css,180,css,cbc9de51,Eric Zhao,2026-04-24,17:12:16,-07:00,2026-04-24T17:12:16-07:00,2,25
style.css,181,css,cbc9de51,Eric Zhao,2026-04-24,17:12:16,-07:00,2026-04-24T17:12:16-07:00,0,0
style.css,182,css,cbc9de51,Eric Zhao,2026-04-24,17:12:16,-07:00,2026-04-24T17:12:16-07:00,0,0
style.css,183,css,cbc9de51,Eric Zhao,2026-04-24,17:12:16,-07:00,2026-04-24T17:12:16-07:00,0,35
style.css,184,css,cbc9de51,Eric Zhao,2026-04-24,17:12:16,-07:00,2026-04-24T17:12:16-07:00,2,17
style.css,185,css,cbc9de51,Eric Zhao,2026-04-24,17:12:16,-07:00,2026-04-24T17:12:16-07:00,4,34
style.css,186,css,cbc9de51,Eric Zhao,2026-04-24,17:12:16,-07:00,2026-04-24T17:12:16-07:00,2,0
style.css,187,css,cbc9de51,Eric Zhao,2026-04-24,17:12:16,-07:00,2026-04-24T17:12:16-07:00,2,17
style.css,188,css,cbc9de51,Eric Zhao,2026-04-24,17:12:16,-07:00,2026-04-24T17:12:16-07:00,4,10
style.css,189,css,cbc9de51,Eric Zhao,2026-04-24,17:12:16,-07:00,2026-04-24T17:12:16-07:00,2,0
style.css,190,css,1f0bde4a,Eric Zhao,2026-05-01,13:19:18,-07:00,2026-05-01T13:19:18-07:00,0,0
style.css,191,css,1f0bde4a,Eric Zhao,2026-05-01,13:19:18,-07:00,2026-05-01T13:19:18-07:00,0,0
style.css,192,css,1f0bde4a,Eric Zhao,2026-05-01,13:19:18,-07:00,2026-05-01T13:19:18-07:00,0,0
style.css,193,css,1f0bde4a,Eric Zhao,2026-05-01,13:19:18,-07:00,2026-05-01T13:19:18-07:00,0,10
style.css,194,css,1f0bde4a,Eric Zhao,2026-05-01,13:19:18,-07:00,2026-05-01T13:19:18-07:00,2,12
style.css,195,css,1f0bde4a,Eric Zhao,2026-05-01,13:19:18,-07:00,2026-05-01T13:19:18-07:00,2,18
style.css,196,css,1f0bde4a,Eric Zhao,2026-05-01,13:19:18,-07:00,2026-05-01T13:19:18-07:00,2,7
style.css,197,css,1f0bde4a,Eric Zhao,2026-05-01,13:19:18,-07:00,2026-05-01T13:19:18-07:00,2,17
style.css,198,css,1f0bde4a,Eric Zhao,2026-05-01,13:19:18,-07:00,2026-05-01T13:19:18-07:00,2,14
style.css,199,css,1f0bde4a,Eric Zhao,2026-05-01,13:19:18,-07:00,2026-05-01T13:19:18-07:00,0,0
style.css,200,css,1f0bde4a,Eric Zhao,2026-05-01,13:19:18,-07:00,2026-05-01T13:19:18-07:00,0,0
style.css,201,css,1f0bde4a,Eric Zhao,2026-05-01,13:19:18,-07:00,2026-05-01T13:19:18-07:00,0,18
style.css,202,css,1f0bde4a,Eric Zhao,2026-05-01,13:19:18,-07:00,2026-05-01T13:19:18-07:00,2,14
style.css,203,css,1f0bde4a,Eric Zhao,2026-05-01,13:19:18,-07:00,2026-05-01T13:19:18-07:00,2,16
style.css,204,css,1f0bde4a,Eric Zhao,2026-05-01,13:19:18,-07:00,2026-05-01T13:19:18-07:00,2,14
style.css,205,css,1f0bde4a,Eric Zhao,2026-05-01,13:19:18,-07:00,2026-05-01T13:19:18-07:00,0,0
style.css,206,css,1f0bde4a,Eric Zhao,2026-05-01,13:19:18,-07:00,2026-05-01T13:19:18-07:00,0,0
style.css,207,css,1f0bde4a,Eric Zhao,2026-05-01,13:19:18,-07:00,2026-05-01T13:19:18-07:00,0,7
style.css,208,css,1f0bde4a,Eric Zhao,2026-05-01,13:19:18,-07:00,2026-05-01T13:19:18-07:00,2,6
style.css,209,css,1f0bde4a,Eric Zhao,2026-05-01,13:19:18,-07:00,2026-05-01T13:19:18-07:00,2,14
style.css,210,css,1f0bde4a,Eric Zhao,2026-05-01,13:19:18,-07:00,2026-05-01T13:19:18-07:00,2,12
style.css,211,css,1f0bde4a,Eric Zhao,2026-05-01,13:19:18,-07:00,2026-05-01T13:19:18-07:00,2,57
style.css,212,css,1f0bde4a,Eric Zhao,2026-05-01,13:19:18,-07:00,2026-05-01T13:19:18-07:00,2,7
style.css,213,css,1f0bde4a,Eric Zhao,2026-05-01,13:19:18,-07:00,2026-05-01T13:19:18-07:00,2,13
style.css,214,css,1f0bde4a,Eric Zhao,2026-05-01,13:19:18,-07:00,2026-05-01T13:19:18-07:00,2,41
style.css,215,css,1f0bde4a,Eric Zhao,2026-05-01,13:19:18,-07:00,2026-05-01T13:19:18-07:00,2,17
style.css,216,css,1f0bde4a,Eric Zhao,2026-05-01,13:19:18,-07:00,2026-05-01T13:19:18-07:00,2,15
style.css,217,css,1f0bde4a,Eric Zhao,2026-05-01,13:19:18,-07:00,2026-05-01T13:19:18-07:00,2,40
style.css,218,css,1f0bde4a,Eric Zhao,2026-05-01,13:19:18,-07:00,2026-05-01T13:19:18-07:00,0,0
style.css,219,css,1f0bde4a,Eric Zhao,2026-05-01,13:19:18,-07:00,2026-05-01T13:19:18-07:00,0,0
style.css,220,css,1f0bde4a,Eric Zhao,2026-05-01,13:19:18,-07:00,2026-05-01T13:19:18-07:00,0,12
style.css,221,css,1f0bde4a,Eric Zhao,2026-05-01,13:19:18,-07:00,2026-05-01T13:19:18-07:00,2,12
style.css,222,css,1f0bde4a,Eric Zhao,2026-05-01,13:19:18,-07:00,2026-05-01T13:19:18-07:00,2,18
style.css,223,css,1f0bde4a,Eric Zhao,2026-05-01,13:19:18,-07:00,2026-05-01T13:19:18-07:00,2,9
style.css,224,css,1f0bde4a,Eric Zhao,2026-05-01,13:19:18,-07:00,2026-05-01T13:19:18-07:00,2,15
style.css,225,css,1f0bde4a,Eric Zhao,2026-05-01,13:19:18,-07:00,2026-05-01T13:19:18-07:00,0,0
style.css,226,css,1f0bde4a,Eric Zhao,2026-05-01,13:19:18,-07:00,2026-05-01T13:19:18-07:00,0,0
style.css,227,css,1f0bde4a,Eric Zhao,2026-05-01,13:19:18,-07:00,2026-05-01T13:19:18-07:00,0,7
style.css,228,css,1f0bde4a,Eric Zhao,2026-05-01,13:19:18,-07:00,2026-05-01T13:19:18-07:00,2,11
style.css,229,css,1f0bde4a,Eric Zhao,2026-05-01,13:19:18,-07:00,2026-05-01T13:19:18-07:00,2,18
style.css,230,css,1f0bde4a,Eric Zhao,2026-05-01,13:19:18,-07:00,2026-05-01T13:19:18-07:00,2,29
style.css,231,css,1f0bde4a,Eric Zhao,2026-05-01,13:19:18,-07:00,2026-05-01T13:19:18-07:00,2,20
style.css,232,css,1f0bde4a,Eric Zhao,2026-05-01,13:19:18,-07:00,2026-05-01T13:19:18-07:00,2,17
style.css,233,css,1f0bde4a,Eric Zhao,2026-05-01,13:19:18,-07:00,2026-05-01T13:19:18-07:00,0,0
style.css,234,css,1f0bde4a,Eric Zhao,2026-05-01,13:19:18,-07:00,2026-05-01T13:19:18-07:00,0,0
style.css,235,css,1f0bde4a,Eric Zhao,2026-05-01,13:19:18,-07:00,2026-05-01T13:19:18-07:00,0,15
style.css,236,css,1f0bde4a,Eric Zhao,2026-05-01,13:19:18,-07:00,2026-05-01T13:19:18-07:00,2,10
style.css,237,css,1f0bde4a,Eric Zhao,2026-05-01,13:19:18,-07:00,2026-05-01T13:19:18-07:00,2,17
style.css,238,css,1f0bde4a,Eric Zhao,2026-05-01,13:19:18,-07:00,2026-05-01T13:19:18-07:00,2,16
style.css,239,css,1f0bde4a,Eric Zhao,2026-05-01,13:19:18,-07:00,2026-05-01T13:19:18-07:00,0,0
style.css,240,css,1f0bde4a,Eric Zhao,2026-05-01,13:19:18,-07:00,2026-05-01T13:19:18-07:00,0,0
style.css,241,css,1f0bde4a,Eric Zhao,2026-05-01,13:19:18,-07:00,2026-05-01T13:19:18-07:00,0,35
style.css,242,css,1f0bde4a,Eric Zhao,2026-05-01,13:19:18,-07:00,2026-05-01T13:19:18-07:00,2,7
style.css,243,css,1f0bde4a,Eric Zhao,2026-05-01,13:19:18,-07:00,2026-05-01T13:19:18-07:00,4,40
style.css,244,css,1f0bde4a,Eric Zhao,2026-05-01,13:19:18,-07:00,2026-05-01T13:19:18-07:00,4,37
style.css,245,css,1f0bde4a,Eric Zhao,2026-05-01,13:19:18,-07:00,2026-05-01T13:19:18-07:00,2,0
style.css,246,css,1f0bde4a,Eric Zhao,2026-05-01,13:19:18,-07:00,2026-05-01T13:19:18-07:00,2,15
style.css,247,css,1f0bde4a,Eric Zhao,2026-05-01,13:19:18,-07:00,2026-05-01T13:19:18-07:00,4,10
style.css,248,css,1f0bde4a,Eric Zhao,2026-05-01,13:19:18,-07:00,2026-05-01T13:19:18-07:00,2,0
style.css,249,css,1f0bde4a,Eric Zhao,2026-05-01,13:19:18,-07:00,2026-05-01T13:19:18-07:00,0,0
style.css,250,css,1f0bde4a,Eric Zhao,2026-05-01,13:19:18,-07:00,2026-05-01T13:19:18-07:00,0,0
style.css,251,css,1f0bde4a,Eric Zhao,2026-05-01,13:19:18,-07:00,2026-05-01T13:19:18-07:00,0,10
style.css,252,css,1f0bde4a,Eric Zhao,2026-05-01,13:19:18,-07:00,2026-05-01T13:19:18-07:00,2,10
style.css,253,css,1f0bde4a,Eric Zhao,2026-05-01,13:19:18,-07:00,2026-05-01T13:19:18-07:00,2,14
style.css,254,css,1f0bde4a,Eric Zhao,2026-05-01,13:19:18,-07:00,2026-05-01T13:19:18-07:00,2,19
style.css,255,css,1f0bde4a,Eric Zhao,2026-05-01,13:19:18,-07:00,2026-05-01T13:19:18-07:00,2,15
style.css,256,css,1f0bde4a,Eric Zhao,2026-05-01,13:19:18,-07:00,2026-05-01T13:19:18-07:00,2,17
style.css,257,css,1f0bde4a,Eric Zhao,2026-05-01,13:19:18,-07:00,2026-05-01T13:19:18-07:00,2,41
style.css,258,css,1f0bde4a,Eric Zhao,2026-05-01,13:19:18,-07:00,2026-05-01T13:19:18-07:00,2,17
style.css,259,css,1f0bde4a,Eric Zhao,2026-05-01,13:19:18,-07:00,2026-05-01T13:19:18-07:00,2,34
style.css,260,css,1f0bde4a,Eric Zhao,2026-05-01,13:19:18,-07:00,2026-05-01T13:19:18-07:00,2,13
style.css,261,css,1f0bde4a,Eric Zhao,2026-05-01,13:19:18,-07:00,2026-05-01T13:19:18-07:00,2,31
style.css,262,css,1f0bde4a,Eric Zhao,2026-05-01,13:19:18,-07:00,2026-05-01T13:19:18-07:00,0,0
style.css,263,css,1f0bde4a,Eric Zhao,2026-05-01,13:19:18,-07:00,2026-05-01T13:19:18-07:00,0,0
style.css,264,css,1f0bde4a,Eric Zhao,2026-05-01,13:19:18,-07:00,2026-05-01T13:19:18-07:00,0,16
style.css,265,css,1f0bde4a,Eric Zhao,2026-05-01,13:19:18,-07:00,2026-05-01T13:19:18-07:00,2,12
style.css,266,css,1f0bde4a,Eric Zhao,2026-05-01,13:19:18,-07:00,2026-05-01T13:19:18-07:00,2,68
style.css,267,css,1f0bde4a,Eric Zhao,2026-05-01,13:19:18,-07:00,2026-05-01T13:19:18-07:00,2,32
style.css,268,css,1f0bde4a,Eric Zhao,2026-05-01,13:19:18,-07:00,2026-05-01T13:19:18-07:00,0,0
style.css,269,css,1f0bde4a,Eric Zhao,2026-05-01,13:19:18,-07:00,2026-05-01T13:19:18-07:00,0,0
style.css,270,css,1f0bde4a,Eric Zhao,2026-05-01,13:19:18,-07:00,2026-05-01T13:19:18-07:00,0,35
style.css,271,css,1f0bde4a,Eric Zhao,2026-05-01,13:19:18,-07:00,2026-05-01T13:19:18-07:00,2,10
style.css,272,css,1f0bde4a,Eric Zhao,2026-05-01,13:19:18,-07:00,2026-05-01T13:19:18-07:00,4,34
style.css,273,css,1f0bde4a,Eric Zhao,2026-05-01,13:19:18,-07:00,2026-05-01T13:19:18-07:00,4,37
style.css,274,css,1f0bde4a,Eric Zhao,2026-05-01,13:19:18,-07:00,2026-05-01T13:19:18-07:00,2,0
style.css,275,css,1f0bde4a,Eric Zhao,2026-05-01,13:19:18,-07:00,2026-05-01T13:19:18-07:00,0,0
style.css,276,css,1f0bde4a,Eric Zhao,2026-05-01,13:19:18,-07:00,2026-05-01T13:19:18-07:00,0,0
style.css,277,css,1f0bde4a,Eric Zhao,2026-05-01,13:19:18,-07:00,2026-05-01T13:19:18-07:00,0,23
style.css,278,css,1f0bde4a,Eric Zhao,2026-05-01,13:19:18,-07:00,2026-05-01T13:19:18-07:00,2,16
style.css,279,css,1f0bde4a,Eric Zhao,2026-05-01,13:19:18,-07:00,2026-05-01T13:19:18-07:00,2,14
style.css,280,css,1f0bde4a,Eric Zhao,2026-05-01,13:19:18,-07:00,2026-05-01T13:19:18-07:00,0,0
style.css,281,css,1f0bde4a,Eric Zhao,2026-05-01,13:19:18,-07:00,2026-05-01T13:19:18-07:00,0,0
style.css,282,css,1f0bde4a,Eric Zhao,2026-05-01,13:19:18,-07:00,2026-05-01T13:19:18-07:00,0,51
style.css,283,css,1f0bde4a,Eric Zhao,2026-05-01,13:19:18,-07:00,2026-05-01T13:19:18-07:00,2,11
style.css,284,css,1f0bde4a,Eric Zhao,2026-05-01,13:19:18,-07:00,2026-05-01T13:19:18-07:00,0,0
style.css,285,css,1f0bde4a,Eric Zhao,2026-05-01,13:19:18,-07:00,2026-05-01T13:19:18-07:00,0,0
style.css,286,css,1f0bde4a,Eric Zhao,2026-05-01,13:19:18,-07:00,2026-05-01T13:19:18-07:00,0,9
style.css,287,css,1f0bde4a,Eric Zhao,2026-05-01,13:19:18,-07:00,2026-05-01T13:19:18-07:00,2,35
style.css,288,css,1f0bde4a,Eric Zhao,2026-05-01,13:19:18,-07:00,2026-05-01T13:19:18-07:00,0,0
style.css,289,css,1f0bde4a,Eric Zhao,2026-05-01,13:19:18,-07:00,2026-05-01T13:19:18-07:00,0,0
style.css,290,css,1f0bde4a,Eric Zhao,2026-05-01,13:19:18,-07:00,2026-05-01T13:19:18-07:00,0,18
style.css,291,css,1f0bde4a,Eric Zhao,2026-05-01,13:19:18,-07:00,2026-05-01T13:19:18-07:00,2,17
style.css,292,css,fc838fa3,Eric Zhao,2026-04-10,23:16:01,-07:00,2026-04-10T23:16:01-07:00,0,0
index.js,1,js,cbc9de51,Eric Zhao,2026-04-24,17:12:16,-07:00,2026-04-24T17:12:16-07:00,0,71
index.js,2,js,cbc9de51,Eric Zhao,2026-04-24,17:12:16,-07:00,2026-04-24T17:12:16-07:00,0,0
index.js,3,js,cbc9de51,Eric Zhao,2026-04-24,17:12:16,-07:00,2026-04-24T17:12:16-07:00,0,50
index.js,4,js,cbc9de51,Eric Zhao,2026-04-24,17:12:16,-07:00,2026-04-24T17:12:16-07:00,0,0
index.js,5,js,cbc9de51,Eric Zhao,2026-04-24,17:12:16,-07:00,2026-04-24T17:12:16-07:00,0,0
index.js,6,js,cbc9de51,Eric Zhao,2026-04-24,17:12:16,-07:00,2026-04-24T17:12:16-07:00,0,21
index.js,7,js,cbc9de51,Eric Zhao,2026-04-24,17:12:16,-07:00,2026-04-24T17:12:16-07:00,2,42
index.js,8,js,cbc9de51,Eric Zhao,2026-04-24,17:12:16,-07:00,2026-04-24T17:12:16-07:00,2,60
index.js,9,js,cbc9de51,Eric Zhao,2026-04-24,17:12:16,-07:00,2026-04-24T17:12:16-07:00,0,0
index.js,10,js,cbc9de51,Eric Zhao,2026-04-24,17:12:16,-07:00,2026-04-24T17:12:16-07:00,2,22
index.js,11,js,cbc9de51,Eric Zhao,2026-04-24,17:12:16,-07:00,2026-04-24T17:12:16-07:00,4,54
index.js,12,js,cbc9de51,Eric Zhao,2026-04-24,17:12:16,-07:00,2026-04-24T17:12:16-07:00,2,0
index.js,13,js,cbc9de51,Eric Zhao,2026-04-24,17:12:16,-07:00,2026-04-24T17:12:16-07:00,0,0
index.js,14,js,cbc9de51,Eric Zhao,2026-04-24,17:12:16,-07:00,2026-04-24T17:12:16-07:00,0,0
index.js,15,js,cbc9de51,Eric Zhao,2026-04-24,17:12:16,-07:00,2026-04-24T17:12:16-07:00,0,53
index.js,16,js,cbc9de51,Eric Zhao,2026-04-24,17:12:16,-07:00,2026-04-24T17:12:16-07:00,0,60
index.js,17,js,cbc9de51,Eric Zhao,2026-04-24,17:12:16,-07:00,2026-04-24T17:12:16-07:00,0,0
index.js,18,js,cbc9de51,Eric Zhao,2026-04-24,17:12:16,-07:00,2026-04-24T17:12:16-07:00,0,17
index.js,19,js,cbc9de51,Eric Zhao,2026-04-24,17:12:16,-07:00,2026-04-24T17:12:16-07:00,2,24
index.js,20,js,cbc9de51,Eric Zhao,2026-04-24,17:12:16,-07:00,2026-04-24T17:12:16-07:00,5,2
index.js,21,js,cbc9de51,Eric Zhao,2026-04-24,17:12:16,-07:00,2026-04-24T17:12:16-07:00,6,55
index.js,22,js,cbc9de51,Eric Zhao,2026-04-24,17:12:16,-07:00,2026-04-24T17:12:16-07:00,6,55
index.js,23,js,cbc9de51,Eric Zhao,2026-04-24,17:12:16,-07:00,2026-04-24T17:12:16-07:00,6,49
index.js,24,js,cbc9de51,Eric Zhao,2026-04-24,17:12:16,-07:00,2026-04-24T17:12:16-07:00,6,49
index.js,25,js,cbc9de51,Eric Zhao,2026-04-24,17:12:16,-07:00,2026-04-24T17:12:16-07:00,5,3
index.js,26,js,cbc9de51,Eric Zhao,2026-04-24,17:12:16,-07:00,2026-04-24T17:12:16-07:00,3,0
index.js,27,js,cbc9de51,Eric Zhao,2026-04-24,17:12:16,-07:00,2026-04-24T17:12:16-07:00,0,0
index.html,1,html,aa71e0ef,Eric Zhao,2026-04-02,13:21:55,-07:00,2026-04-02T13:21:55-07:00,0,13
index.html,2,html,aa71e0ef,Eric Zhao,2026-04-02,13:21:55,-07:00,2026-04-02T13:21:55-07:00,0,14
index.html,3,html,aa71e0ef,Eric Zhao,2026-04-02,13:21:55,-07:00,2026-04-02T13:21:55-07:00,0,4
index.html,4,html,aa71e0ef,Eric Zhao,2026-04-02,13:21:55,-07:00,2026-04-02T13:21:55-07:00,2,20
index.html,5,html,aa71e0ef,Eric Zhao,2026-04-02,13:21:55,-07:00,2026-04-02T13:21:55-07:00,2,68
index.html,6,html,aa71e0ef,Eric Zhao,2026-04-02,13:21:55,-07:00,2026-04-02T13:21:55-07:00,2,51
index.html,7,html,695964fd,Eric Zhao,2026-04-02,14:05:44,-07:00,2026-04-02T14:05:44-07:00,2,38
index.html,8,html,aad7930e,Eric Zhao,2026-04-17,21:13:43,-07:00,2026-04-17T21:13:43-07:00,2,45
index.html,9,html,cbc9de51,Eric Zhao,2026-04-24,17:12:16,-07:00,2026-04-24T17:12:16-07:00,2,44
index.html,10,html,695964fd,Eric Zhao,2026-04-02,14:05:44,-07:00,2026-04-02T14:05:44-07:00,0,0
index.html,11,html,aa71e0ef,Eric Zhao,2026-04-02,13:21:55,-07:00,2026-04-02T13:21:55-07:00,0,5
index.html,12,html,aa71e0ef,Eric Zhao,2026-04-02,13:21:55,-07:00,2026-04-02T13:21:55-07:00,0,4
index.html,13,html,aa71e0ef,Eric Zhao,2026-04-02,13:21:55,-07:00,2026-04-02T13:21:55-07:00,2,16
index.html,14,html,aa71e0ef,Eric Zhao,2026-04-02,13:21:55,-07:00,2026-04-02T13:21:55-07:00,2,80
index.html,15,html,a0bb5956,Eric Zhao,2026-04-02,14:37:31,-07:00,2026-04-02T14:37:31-07:00,0,0
index.html,16,html,b96c2a88,Eric Zhao,2026-04-02,14:32:54,-07:00,2026-04-02T14:32:54-07:00,2,103
index.html,17,html,cbc9de51,Eric Zhao,2026-04-24,17:12:16,-07:00,2026-04-24T17:12:16-07:00,2,4
index.html,18,html,cbc9de51,Eric Zhao,2026-04-24,17:12:16,-07:00,2026-04-24T17:12:16-07:00,2,22
index.html,19,html,cbc9de51,Eric Zhao,2026-04-24,17:12:16,-07:00,2026-04-24T17:12:16-07:00,2,22
index.html,20,html,cbc9de51,Eric Zhao,2026-04-24,17:12:16,-07:00,2026-04-24T17:12:16-07:00,4,4
index.html,21,html,cbc9de51,Eric Zhao,2026-04-24,17:12:16,-07:00,2026-04-24T17:12:16-07:00,0,0
index.html,22,html,cbc9de51,Eric Zhao,2026-04-24,17:12:16,-07:00,2026-04-24T17:12:16-07:00,2,22
index.html,23,html,cbc9de51,Eric Zhao,2026-04-24,17:12:16,-07:00,2026-04-24T17:12:16-07:00,2,20
index.html,24,html,cbc9de51,Eric Zhao,2026-04-24,17:12:16,-07:00,2026-04-24T17:12:16-07:00,2,4
index.html,25,html,cbc9de51,Eric Zhao,2026-04-24,17:12:16,-07:00,2026-04-24T17:12:16-07:00,0,5
index.html,26,html,aa71e0ef,Eric Zhao,2026-04-02,13:21:55,-07:00,2026-04-02T13:21:55-07:00,0,5
index.html,27,html,aa71e0ef,Eric Zhao,2026-04-02,13:21:55,-07:00,2026-04-02T13:21:55-07:00,0,5
global.js,1,js,aad7930e,Eric Zhao,2026-04-17,21:13:43,-07:00,2026-04-17T21:13:43-07:00,0,25
global.js,2,js,aad7930e,Eric Zhao,2026-04-17,21:13:43,-07:00,2026-04-17T21:13:43-07:00,0,0
global.js,3,js,cbc9de51,Eric Zhao,2026-04-24,17:12:16,-07:00,2026-04-24T17:12:16-07:00,0,40
global.js,4,js,cbc9de51,Eric Zhao,2026-04-24,17:12:16,-07:00,2026-04-24T17:12:16-07:00,1,37
global.js,5,js,cbc9de51,Eric Zhao,2026-04-24,17:12:16,-07:00,2026-04-24T17:12:16-07:00,0,0
global.js,6,js,cbc9de51,Eric Zhao,2026-04-24,17:12:16,-07:00,2026-04-24T17:12:16-07:00,0,0
global.js,7,js,aad7930e,Eric Zhao,2026-04-17,21:13:43,-07:00,2026-04-17T21:13:43-07:00,0,41
global.js,8,js,aad7930e,Eric Zhao,2026-04-17,21:13:43,-07:00,2026-04-17T21:13:43-07:00,1,52
global.js,9,js,aad7930e,Eric Zhao,2026-04-17,21:13:43,-07:00,2026-04-17T21:13:43-07:00,0,0
global.js,10,js,aad7930e,Eric Zhao,2026-04-17,21:13:43,-07:00,2026-04-17T21:13:43-07:00,0,0
global.js,11,js,aad7930e,Eric Zhao,2026-04-17,21:13:43,-07:00,2026-04-17T21:13:43-07:00,0,11
global.js,12,js,86207bea,Eric Zhao,2026-05-01,13:40:35,-07:00,2026-05-01T13:40:35-07:00,1,35
global.js,13,js,86207bea,Eric Zhao,2026-05-01,13:40:35,-07:00,2026-05-01T13:40:35-07:00,1,48
global.js,14,js,86207bea,Eric Zhao,2026-05-01,13:40:35,-07:00,2026-05-01T13:40:35-07:00,1,46
global.js,15,js,0965d841,Eric Zhao,2026-05-08,13:44:14,-07:00,2026-05-08T13:44:14-07:00,1,40
global.js,16,js,aad7930e,Eric Zhao,2026-04-17,21:13:43,-07:00,2026-04-17T21:13:43-07:00,1,55
global.js,17,js,aad7930e,Eric Zhao,2026-04-17,21:13:43,-07:00,2026-04-17T21:13:43-07:00,0,0
global.js,18,js,aad7930e,Eric Zhao,2026-04-17,21:13:43,-07:00,2026-04-17T21:13:43-07:00,0,0
global.js,19,js,c7e50052,Eric Zhao,2026-05-01,13:38:37,-07:00,2026-05-01T13:38:37-07:00,0,116
global.js,20,js,aad7930e,Eric Zhao,2026-04-17,21:13:43,-07:00,2026-04-17T21:13:43-07:00,0,0
global.js,21,js,aad7930e,Eric Zhao,2026-04-17,21:13:43,-07:00,2026-04-17T21:13:43-07:00,0,38
global.js,22,js,aad7930e,Eric Zhao,2026-04-17,21:13:43,-07:00,2026-04-17T21:13:43-07:00,0,25
global.js,23,js,aad7930e,Eric Zhao,2026-04-17,21:13:43,-07:00,2026-04-17T21:13:43-07:00,0,0
global.js,24,js,aad7930e,Eric Zhao,2026-04-17,21:13:43,-07:00,2026-04-17T21:13:43-07:00,0,20
global.js,25,js,aad7930e,Eric Zhao,2026-04-17,21:13:43,-07:00,2026-04-17T21:13:43-07:00,2,62
global.js,26,js,aad7930e,Eric Zhao,2026-04-17,21:13:43,-07:00,2026-04-17T21:13:43-07:00,2,34
global.js,27,js,aad7930e,Eric Zhao,2026-04-17,21:13:43,-07:00,2026-04-17T21:13:43-07:00,2,11
global.js,28,js,aad7930e,Eric Zhao,2026-04-17,21:13:43,-07:00,2026-04-17T21:13:43-07:00,2,22
global.js,29,js,aad7930e,Eric Zhao,2026-04-17,21:13:43,-07:00,2026-04-17T21:13:43-07:00,2,90
global.js,30,js,aad7930e,Eric Zhao,2026-04-17,21:13:43,-07:00,2026-04-17T21:13:43-07:00,2,48
global.js,31,js,aad7930e,Eric Zhao,2026-04-17,21:13:43,-07:00,2026-04-17T21:13:43-07:00,2,12
global.js,32,js,aad7930e,Eric Zhao,2026-04-17,21:13:43,-07:00,2026-04-17T21:13:43-07:00,0,0
global.js,33,js,aad7930e,Eric Zhao,2026-04-17,21:13:43,-07:00,2026-04-17T21:13:43-07:00,0,0
global.js,34,js,aad7930e,Eric Zhao,2026-04-17,21:13:43,-07:00,2026-04-17T21:13:43-07:00,0,0
global.js,35,js,aad7930e,Eric Zhao,2026-04-17,21:13:43,-07:00,2026-04-17T21:13:43-07:00,0,31
global.js,36,js,aad7930e,Eric Zhao,2026-04-17,21:13:43,-07:00,2026-04-17T21:13:43-07:00,1,11
global.js,37,js,aad7930e,Eric Zhao,2026-04-17,21:13:43,-07:00,2026-04-17T21:13:43-07:00,1,0
global.js,38,js,aad7930e,Eric Zhao,2026-04-17,21:13:43,-07:00,2026-04-17T21:13:43-07:00,0,26
global.js,39,js,aad7930e,Eric Zhao,2026-04-17,21:13:43,-07:00,2026-04-17T21:13:43-07:00,0,4
global.js,40,js,aad7930e,Eric Zhao,2026-04-17,21:13:43,-07:00,2026-04-17T21:13:43-07:00,0,6
global.js,41,js,aad7930e,Eric Zhao,2026-04-17,21:13:43,-07:00,2026-04-17T21:13:43-07:00,0,43
global.js,42,js,aad7930e,Eric Zhao,2026-04-17,21:13:43,-07:00,2026-04-17T21:13:43-07:00,0,34
global.js,43,js,aad7930e,Eric Zhao,2026-04-17,21:13:43,-07:00,2026-04-17T21:13:43-07:00,0,32
global.js,44,js,aad7930e,Eric Zhao,2026-04-17,21:13:43,-07:00,2026-04-17T21:13:43-07:00,0,7
global.js,45,js,aad7930e,Eric Zhao,2026-04-17,21:13:43,-07:00,2026-04-17T21:13:43-07:00,0,7
global.js,46,js,aad7930e,Eric Zhao,2026-04-17,21:13:43,-07:00,2026-04-17T21:13:43-07:00,0,0
global.js,47,js,aad7930e,Eric Zhao,2026-04-17,21:13:43,-07:00,2026-04-17T21:13:43-07:00,0,0
global.js,48,js,aad7930e,Eric Zhao,2026-04-17,21:13:43,-07:00,2026-04-17T21:13:43-07:00,0,60
global.js,49,js,aad7930e,Eric Zhao,2026-04-17,21:13:43,-07:00,2026-04-17T21:13:43-07:00,0,0
global.js,50,js,aad7930e,Eric Zhao,2026-04-17,21:13:43,-07:00,2026-04-17T21:13:43-07:00,0,36
global.js,51,js,aad7930e,Eric Zhao,2026-04-17,21:13:43,-07:00,2026-04-17T21:13:43-07:00,1,70
global.js,52,js,aad7930e,Eric Zhao,2026-04-17,21:13:43,-07:00,2026-04-17T21:13:43-07:00,1,25
global.js,53,js,aad7930e,Eric Zhao,2026-04-17,21:13:43,-07:00,2026-04-17T21:13:43-07:00,0,0
global.js,54,js,aad7930e,Eric Zhao,2026-04-17,21:13:43,-07:00,2026-04-17T21:13:43-07:00,0,0
global.js,55,js,aad7930e,Eric Zhao,2026-04-17,21:13:43,-07:00,2026-04-17T21:13:43-07:00,0,49
global.js,56,js,aad7930e,Eric Zhao,2026-04-17,21:13:43,-07:00,2026-04-17T21:13:43-07:00,1,32
global.js,57,js,aad7930e,Eric Zhao,2026-04-17,21:13:43,-07:00,2026-04-17T21:13:43-07:00,1,21
global.js,58,js,aad7930e,Eric Zhao,2026-04-17,21:13:43,-07:00,2026-04-17T21:13:43-07:00,1,0
global.js,59,js,aad7930e,Eric Zhao,2026-04-17,21:13:43,-07:00,2026-04-17T21:13:43-07:00,1,32
global.js,60,js,aad7930e,Eric Zhao,2026-04-17,21:13:43,-07:00,2026-04-17T21:13:43-07:00,0,1
global.js,61,js,aad7930e,Eric Zhao,2026-04-17,21:13:43,-07:00,2026-04-17T21:13:43-07:00,0,0
global.js,62,js,aad7930e,Eric Zhao,2026-04-17,21:13:43,-07:00,2026-04-17T21:13:43-07:00,0,34
global.js,63,js,aad7930e,Eric Zhao,2026-04-17,21:13:43,-07:00,2026-04-17T21:13:43-07:00,1,39
global.js,64,js,cbc9de51,Eric Zhao,2026-04-24,17:12:16,-07:00,2026-04-24T17:12:16-07:00,0,0
global.js,65,js,cbc9de51,Eric Zhao,2026-04-24,17:12:16,-07:00,2026-04-24T17:12:16-07:00,0,0
global.js,66,js,cbc9de51,Eric Zhao,2026-04-24,17:12:16,-07:00,2026-04-24T17:12:16-07:00,0,0
global.js,67,js,cbc9de51,Eric Zhao,2026-04-24,17:12:16,-07:00,2026-04-24T17:12:16-07:00,0,36
global.js,68,js,cbc9de51,Eric Zhao,2026-04-24,17:12:16,-07:00,2026-04-24T17:12:16-07:00,1,3
global.js,69,js,cbc9de51,Eric Zhao,2026-04-24,17:12:16,-07:00,2026-04-24T17:12:16-07:00,2,32
global.js,70,js,cbc9de51,Eric Zhao,2026-04-24,17:12:16,-07:00,2026-04-24T17:12:16-07:00,2,0
global.js,71,js,cbc9de51,Eric Zhao,2026-04-24,17:12:16,-07:00,2026-04-24T17:12:16-07:00,2,17
global.js,72,js,cbc9de51,Eric Zhao,2026-04-24,17:12:16,-07:00,2026-04-24T17:12:16-07:00,3,66
global.js,73,js,cbc9de51,Eric Zhao,2026-04-24,17:12:16,-07:00,2026-04-24T17:12:16-07:00,2,0
global.js,74,js,cbc9de51,Eric Zhao,2026-04-24,17:12:16,-07:00,2026-04-24T17:12:16-07:00,2,0
global.js,75,js,cbc9de51,Eric Zhao,2026-04-24,17:12:16,-07:00,2026-04-24T17:12:16-07:00,2,33
global.js,76,js,cbc9de51,Eric Zhao,2026-04-24,17:12:16,-07:00,2026-04-24T17:12:16-07:00,2,10
global.js,77,js,cbc9de51,Eric Zhao,2026-04-24,17:12:16,-07:00,2026-04-24T17:12:16-07:00,2,0
global.js,78,js,cbc9de51,Eric Zhao,2026-04-24,17:12:16,-07:00,2026-04-24T17:12:16-07:00,1,15
global.js,79,js,cbc9de51,Eric Zhao,2026-04-24,17:12:16,-07:00,2026-04-24T17:12:16-07:00,2,59
global.js,80,js,cbc9de51,Eric Zhao,2026-04-24,17:12:16,-07:00,2026-04-24T17:12:16-07:00,1,0
global.js,81,js,cbc9de51,Eric Zhao,2026-04-24,17:12:16,-07:00,2026-04-24T17:12:16-07:00,0,0
global.js,82,js,cbc9de51,Eric Zhao,2026-04-24,17:12:16,-07:00,2026-04-24T17:12:16-07:00,0,0
global.js,83,js,cbc9de51,Eric Zhao,2026-04-24,17:12:16,-07:00,2026-04-24T17:12:16-07:00,0,79
global.js,84,js,cbc9de51,Eric Zhao,2026-04-24,17:12:16,-07:00,2026-04-24T17:12:16-07:00,0,0
global.js,85,js,cbc9de51,Eric Zhao,2026-04-24,17:12:16,-07:00,2026-04-24T17:12:16-07:00,2,22
global.js,86,js,cbc9de51,Eric Zhao,2026-04-24,17:12:16,-07:00,2026-04-24T17:12:16-07:00,4,51
global.js,87,js,cbc9de51,Eric Zhao,2026-04-24,17:12:16,-07:00,2026-04-24T17:12:16-07:00,4,5
global.js,88,js,cbc9de51,Eric Zhao,2026-04-24,17:12:16,-07:00,2026-04-24T17:12:16-07:00,2,0
global.js,89,js,cbc9de51,Eric Zhao,2026-04-24,17:12:16,-07:00,2026-04-24T17:12:16-07:00,0,0
global.js,90,js,cbc9de51,Eric Zhao,2026-04-24,17:12:16,-07:00,2026-04-24T17:12:16-07:00,0,0
global.js,91,js,cbc9de51,Eric Zhao,2026-04-24,17:12:16,-07:00,2026-04-24T17:12:16-07:00,2,57
global.js,92,js,cbc9de51,Eric Zhao,2026-04-24,17:12:16,-07:00,2026-04-24T17:12:16-07:00,2,42
global.js,93,js,cbc9de51,Eric Zhao,2026-04-24,17:12:16,-07:00,2026-04-24T17:12:16-07:00,4,72
global.js,94,js,cbc9de51,Eric Zhao,2026-04-24,17:12:16,-07:00,2026-04-24T17:12:16-07:00,4,18
global.js,95,js,cbc9de51,Eric Zhao,2026-04-24,17:12:16,-07:00,2026-04-24T17:12:16-07:00,2,0
global.js,96,js,cbc9de51,Eric Zhao,2026-04-24,17:12:16,-07:00,2026-04-24T17:12:16-07:00,0,0
global.js,97,js,cbc9de51,Eric Zhao,2026-04-24,17:12:16,-07:00,2026-04-24T17:12:16-07:00,2,30
global.js,98,js,cbc9de51,Eric Zhao,2026-04-24,17:12:16,-07:00,2026-04-24T17:12:16-07:00,0,0
global.js,99,js,cbc9de51,Eric Zhao,2026-04-24,17:12:16,-07:00,2026-04-24T17:12:16-07:00,0,29
global.js,100,js,cbc9de51,Eric Zhao,2026-04-24,17:12:16,-07:00,2026-04-24T17:12:16-07:00,4,48
global.js,101,js,cbc9de51,Eric Zhao,2026-04-24,17:12:16,-07:00,2026-04-24T17:12:16-07:00,0,0
global.js,102,js,cbc9de51,Eric Zhao,2026-04-24,17:12:16,-07:00,2026-04-24T17:12:16-07:00,4,48
global.js,103,js,cbc9de51,Eric Zhao,2026-04-24,17:12:16,-07:00,2026-04-24T17:12:16-07:00,4,85
global.js,104,js,cbc9de51,Eric Zhao,2026-04-24,17:12:16,-07:00,2026-04-24T17:12:16-07:00,4,69
global.js,105,js,cbc9de51,Eric Zhao,2026-04-24,17:12:16,-07:00,2026-04-24T17:12:16-07:00,4,0
global.js,106,js,1f0bde4a,Eric Zhao,2026-05-01,13:19:18,-07:00,2026-05-01T13:19:18-07:00,4,23
global.js,107,js,1f0bde4a,Eric Zhao,2026-05-01,13:19:18,-07:00,2026-05-01T13:19:18-07:00,4,110
global.js,108,js,cbc9de51,Eric Zhao,2026-04-24,17:12:16,-07:00,2026-04-24T17:12:16-07:00,0,0
global.js,109,js,cbc9de51,Eric Zhao,2026-04-24,17:12:16,-07:00,2026-04-24T17:12:16-07:00,4,19
global.js,110,js,cbc9de51,Eric Zhao,2026-04-24,17:12:16,-07:00,2026-04-24T17:12:16-07:00,6,41
global.js,111,js,cbc9de51,Eric Zhao,2026-04-24,17:12:16,-07:00,2026-04-24T17:12:16-07:00,6,33
global.js,112,js,1f0bde4a,Eric Zhao,2026-05-01,13:19:18,-07:00,2026-05-01T13:19:18-07:00,6,27
global.js,113,js,cbc9de51,Eric Zhao,2026-04-24,17:12:16,-07:00,2026-04-24T17:12:16-07:00,8,19
global.js,114,js,1f0bde4a,Eric Zhao,2026-05-01,13:19:18,-07:00,2026-05-01T13:19:18-07:00,8,5
global.js,115,js,cbc9de51,Eric Zhao,2026-04-24,17:12:16,-07:00,2026-04-24T17:12:16-07:00,6,4
global.js,116,js,cbc9de51,Eric Zhao,2026-04-24,17:12:16,-07:00,2026-04-24T17:12:16-07:00,4,0
global.js,117,js,cbc9de51,Eric Zhao,2026-04-24,17:12:16,-07:00,2026-04-24T17:12:16-07:00,0,0
global.js,118,js,cbc9de51,Eric Zhao,2026-04-24,17:12:16,-07:00,2026-04-24T17:12:16-07:00,4,36
global.js,119,js,cbc9de51,Eric Zhao,2026-04-24,17:12:16,-07:00,2026-04-24T17:12:16-07:00,2,0
global.js,120,js,cbc9de51,Eric Zhao,2026-04-24,17:12:16,-07:00,2026-04-24T17:12:16-07:00,0,0
global.js,121,js,cbc9de51,Eric Zhao,2026-04-24,17:12:16,-07:00,2026-04-24T17:12:16-07:00,0,0
global.js,122,js,cbc9de51,Eric Zhao,2026-04-24,17:12:16,-07:00,2026-04-24T17:12:16-07:00,0,47
global.js,123,js,cbc9de51,Eric Zhao,2026-04-24,17:12:16,-07:00,2026-04-24T17:12:16-07:00,2,59
global.js,124,js,aad7930e,Eric Zhao,2026-04-17,21:13:43,-07:00,2026-04-17T21:13:43-07:00,0,0
projects/projects.js,1,js,cbc9de51,Eric Zhao,2026-04-24,17:12:16,-07:00,2026-04-24T17:12:16-07:00,0,55
projects/projects.js,2,js,1f0bde4a,Eric Zhao,2026-05-01,13:19:18,-07:00,2026-05-01T13:19:18-07:00,0,63
projects/projects.js,3,js,cbc9de51,Eric Zhao,2026-04-24,17:12:16,-07:00,2026-04-24T17:12:16-07:00,0,0
projects/projects.js,4,js,cbc9de51,Eric Zhao,2026-04-24,17:12:16,-07:00,2026-04-24T17:12:16-07:00,0,51
projects/projects.js,5,js,cbc9de51,Eric Zhao,2026-04-24,17:12:16,-07:00,2026-04-24T17:12:16-07:00,0,60
projects/projects.js,6,js,cbc9de51,Eric Zhao,2026-04-24,17:12:16,-07:00,2026-04-24T17:12:16-07:00,0,0
projects/projects.js,7,js,cbc9de51,Eric Zhao,2026-04-24,17:12:16,-07:00,2026-04-24T17:12:16-07:00,0,22
projects/projects.js,8,js,cbc9de51,Eric Zhao,2026-04-24,17:12:16,-07:00,2026-04-24T17:12:16-07:00,2,48
projects/projects.js,9,js,cbc9de51,Eric Zhao,2026-04-24,17:12:16,-07:00,2026-04-24T17:12:16-07:00,0,0
projects/projects.js,10,js,cbc9de51,Eric Zhao,2026-04-24,17:12:16,-07:00,2026-04-24T17:12:16-07:00,0,0
projects/projects.js,11,js,cbc9de51,Eric Zhao,2026-04-24,17:12:16,-07:00,2026-04-24T17:12:16-07:00,0,62
projects/projects.js,12,js,cbc9de51,Eric Zhao,2026-04-24,17:12:16,-07:00,2026-04-24T17:12:16-07:00,0,30
projects/projects.js,13,js,cbc9de51,Eric Zhao,2026-04-24,17:12:16,-07:00,2026-04-24T17:12:16-07:00,2,56
projects/projects.js,14,js,1f0bde4a,Eric Zhao,2026-05-01,13:19:18,-07:00,2026-05-01T13:19:18-07:00,0,0
projects/projects.js,15,js,1f0bde4a,Eric Zhao,2026-05-01,13:19:18,-07:00,2026-05-01T13:19:18-07:00,0,0
projects/projects.js,16,js,1f0bde4a,Eric Zhao,2026-05-01,13:19:18,-07:00,2026-05-01T13:19:18-07:00,0,57
projects/projects.js,17,js,1f0bde4a,Eric Zhao,2026-05-01,13:19:18,-07:00,2026-05-01T13:19:18-07:00,0,47
projects/projects.js,18,js,1f0bde4a,Eric Zhao,2026-05-01,13:19:18,-07:00,2026-05-01T13:19:18-07:00,0,0
projects/projects.js,19,js,1f0bde4a,Eric Zhao,2026-05-01,13:19:18,-07:00,2026-05-01T13:19:18-07:00,0,13
projects/projects.js,20,js,1f0bde4a,Eric Zhao,2026-05-01,13:19:18,-07:00,2026-05-01T13:19:18-07:00,0,20
projects/projects.js,21,js,1f0bde4a,Eric Zhao,2026-05-01,13:19:18,-07:00,2026-05-01T13:19:18-07:00,0,0
projects/projects.js,22,js,1f0bde4a,Eric Zhao,2026-05-01,13:19:18,-07:00,2026-05-01T13:19:18-07:00,0,25
projects/projects.js,23,js,1f0bde4a,Eric Zhao,2026-05-01,13:19:18,-07:00,2026-05-01T13:19:18-07:00,2,50
projects/projects.js,24,js,1f0bde4a,Eric Zhao,2026-05-01,13:19:18,-07:00,2026-05-01T13:19:18-07:00,4,59
projects/projects.js,25,js,1f0bde4a,Eric Zhao,2026-05-01,13:19:18,-07:00,2026-05-01T13:19:18-07:00,4,42
projects/projects.js,26,js,1f0bde4a,Eric Zhao,2026-05-01,13:19:18,-07:00,2026-05-01T13:19:18-07:00,2,1
projects/projects.js,27,js,1f0bde4a,Eric Zhao,2026-05-01,13:19:18,-07:00,2026-05-01T13:19:18-07:00,0,0
projects/projects.js,28,js,1f0bde4a,Eric Zhao,2026-05-01,13:19:18,-07:00,2026-05-01T13:19:18-07:00,2,37
projects/projects.js,29,js,1f0bde4a,Eric Zhao,2026-05-01,13:19:18,-07:00,2026-05-01T13:19:18-07:00,2,17
projects/projects.js,30,js,1f0bde4a,Eric Zhao,2026-05-01,13:19:18,-07:00,2026-05-01T13:19:18-07:00,4,85
projects/projects.js,31,js,1f0bde4a,Eric Zhao,2026-05-01,13:19:18,-07:00,2026-05-01T13:19:18-07:00,2,0
projects/projects.js,32,js,1f0bde4a,Eric Zhao,2026-05-01,13:19:18,-07:00,2026-05-01T13:19:18-07:00,0,0
projects/projects.js,33,js,1f0bde4a,Eric Zhao,2026-05-01,13:19:18,-07:00,2026-05-01T13:19:18-07:00,2,56
projects/projects.js,34,js,1f0bde4a,Eric Zhao,2026-05-01,13:19:18,-07:00,2026-05-01T13:19:18-07:00,2,30
projects/projects.js,35,js,1f0bde4a,Eric Zhao,2026-05-01,13:19:18,-07:00,2026-05-01T13:19:18-07:00,0,0
projects/projects.js,36,js,1f0bde4a,Eric Zhao,2026-05-01,13:19:18,-07:00,2026-05-01T13:19:18-07:00,0,0
projects/projects.js,37,js,1f0bde4a,Eric Zhao,2026-05-01,13:19:18,-07:00,2026-05-01T13:19:18-07:00,0,38
projects/projects.js,38,js,1f0bde4a,Eric Zhao,2026-05-01,13:19:18,-07:00,2026-05-01T13:19:18-07:00,2,43
projects/projects.js,39,js,1f0bde4a,Eric Zhao,2026-05-01,13:19:18,-07:00,2026-05-01T13:19:18-07:00,2,32
projects/projects.js,40,js,1f0bde4a,Eric Zhao,2026-05-01,13:19:18,-07:00,2026-05-01T13:19:18-07:00,2,0
projects/projects.js,41,js,1f0bde4a,Eric Zhao,2026-05-01,13:19:18,-07:00,2026-05-01T13:19:18-07:00,2,32
projects/projects.js,42,js,1f0bde4a,Eric Zhao,2026-05-01,13:19:18,-07:00,2026-05-01T13:19:18-07:00,2,30
projects/projects.js,43,js,1f0bde4a,Eric Zhao,2026-05-01,13:19:18,-07:00,2026-05-01T13:19:18-07:00,0,0
projects/projects.js,44,js,1f0bde4a,Eric Zhao,2026-05-01,13:19:18,-07:00,2026-05-01T13:19:18-07:00,2,29
projects/projects.js,45,js,1f0bde4a,Eric Zhao,2026-05-01,13:19:18,-07:00,2026-05-01T13:19:18-07:00,4,12
projects/projects.js,46,js,1f0bde4a,Eric Zhao,2026-05-01,13:19:18,-07:00,2026-05-01T13:19:18-07:00,4,14
projects/projects.js,47,js,1f0bde4a,Eric Zhao,2026-05-01,13:19:18,-07:00,2026-05-01T13:19:18-07:00,4,11
projects/projects.js,48,js,1f0bde4a,Eric Zhao,2026-05-01,13:19:18,-07:00,2026-05-01T13:19:18-07:00,2,0
projects/projects.js,49,js,1f0bde4a,Eric Zhao,2026-05-01,13:19:18,-07:00,2026-05-01T13:19:18-07:00,0,0
projects/projects.js,50,js,1f0bde4a,Eric Zhao,2026-05-01,13:19:18,-07:00,2026-05-01T13:19:18-07:00,2,50
projects/projects.js,51,js,1f0bde4a,Eric Zhao,2026-05-01,13:19:18,-07:00,2026-05-01T13:19:18-07:00,4,35
projects/projects.js,52,js,1f0bde4a,Eric Zhao,2026-05-01,13:19:18,-07:00,2026-05-01T13:19:18-07:00,2,1
projects/projects.js,53,js,1f0bde4a,Eric Zhao,2026-05-01,13:19:18,-07:00,2026-05-01T13:19:18-07:00,0,0
projects/projects.js,54,js,1f0bde4a,Eric Zhao,2026-05-01,13:19:18,-07:00,2026-05-01T13:19:18-07:00,2,53
projects/projects.js,55,js,1f0bde4a,Eric Zhao,2026-05-01,13:19:18,-07:00,2026-05-01T13:19:18-07:00,2,42
projects/projects.js,56,js,1f0bde4a,Eric Zhao,2026-05-01,13:19:18,-07:00,2026-05-01T13:19:18-07:00,2,51
projects/projects.js,57,js,1f0bde4a,Eric Zhao,2026-05-01,13:19:18,-07:00,2026-05-01T13:19:18-07:00,0,0
projects/projects.js,58,js,1f0bde4a,Eric Zhao,2026-05-01,13:19:18,-07:00,2026-05-01T13:19:18-07:00,2,27
projects/projects.js,59,js,1f0bde4a,Eric Zhao,2026-05-01,13:19:18,-07:00,2026-05-01T13:19:18-07:00,4,19
projects/projects.js,60,js,1f0bde4a,Eric Zhao,2026-05-01,13:19:18,-07:00,2026-05-01T13:19:18-07:00,7,13
projects/projects.js,61,js,1f0bde4a,Eric Zhao,2026-05-01,13:19:18,-07:00,2026-05-01T13:19:18-07:00,7,22
projects/projects.js,62,js,1f0bde4a,Eric Zhao,2026-05-01,13:19:18,-07:00,2026-05-01T13:19:18-07:00,7,65
projects/projects.js,63,js,1f0bde4a,Eric Zhao,2026-05-01,13:19:18,-07:00,2026-05-01T13:19:18-07:00,7,18
projects/projects.js,64,js,1f0bde4a,Eric Zhao,2026-05-01,13:19:18,-07:00,2026-05-01T13:19:18-07:00,9,71
projects/projects.js,65,js,1f0bde4a,Eric Zhao,2026-05-01,13:19:18,-07:00,2026-05-01T13:19:18-07:00,9,15
projects/projects.js,66,js,1f0bde4a,Eric Zhao,2026-05-01,13:19:18,-07:00,2026-05-01T13:19:18-07:00,7,1
projects/projects.js,67,js,1f0bde4a,Eric Zhao,2026-05-01,13:19:18,-07:00,2026-05-01T13:19:18-07:00,2,1
projects/projects.js,68,js,1f0bde4a,Eric Zhao,2026-05-01,13:19:18,-07:00,2026-05-01T13:19:18-07:00,0,0
projects/projects.js,69,js,1f0bde4a,Eric Zhao,2026-05-01,13:19:18,-07:00,2026-05-01T13:19:18-07:00,2,25
projects/projects.js,70,js,1f0bde4a,Eric Zhao,2026-05-01,13:19:18,-07:00,2026-05-01T13:19:18-07:00,4,17
projects/projects.js,71,js,1f0bde4a,Eric Zhao,2026-05-01,13:19:18,-07:00,2026-05-01T13:19:18-07:00,7,36
projects/projects.js,72,js,1f0bde4a,Eric Zhao,2026-05-01,13:19:18,-07:00,2026-05-01T13:19:18-07:00,7,79
projects/projects.js,73,js,1f0bde4a,Eric Zhao,2026-05-01,13:19:18,-07:00,2026-05-01T13:19:18-07:00,7,69
projects/projects.js,74,js,1f0bde4a,Eric Zhao,2026-05-01,13:19:18,-07:00,2026-05-01T13:19:18-07:00,2,1
projects/projects.js,75,js,1f0bde4a,Eric Zhao,2026-05-01,13:19:18,-07:00,2026-05-01T13:19:18-07:00,0,0
projects/projects.js,76,js,1f0bde4a,Eric Zhao,2026-05-01,13:19:18,-07:00,2026-05-01T13:19:18-07:00,0,0
projects/projects.js,77,js,1f0bde4a,Eric Zhao,2026-05-01,13:19:18,-07:00,2026-05-01T13:19:18-07:00,0,23
projects/projects.js,78,js,1f0bde4a,Eric Zhao,2026-05-01,13:19:18,-07:00,2026-05-01T13:19:18-07:00,0,0
projects/projects.js,79,js,1f0bde4a,Eric Zhao,2026-05-01,13:19:18,-07:00,2026-05-01T13:19:18-07:00,0,53
projects/projects.js,80,js,1f0bde4a,Eric Zhao,2026-05-01,13:19:18,-07:00,2026-05-01T13:19:18-07:00,0,48
projects/projects.js,81,js,1f0bde4a,Eric Zhao,2026-05-01,13:19:18,-07:00,2026-05-01T13:19:18-07:00,2,25
projects/projects.js,82,js,1f0bde4a,Eric Zhao,2026-05-01,13:19:18,-07:00,2026-05-01T13:19:18-07:00,2,15
projects/projects.js,83,js,1f0bde4a,Eric Zhao,2026-05-01,13:19:18,-07:00,2026-05-01T13:19:18-07:00,0,1
projects/index.html,1,html,b96c2a88,Eric Zhao,2026-04-02,14:32:54,-07:00,2026-04-02T14:32:54-07:00,0,13
projects/index.html,2,html,b96c2a88,Eric Zhao,2026-04-02,14:32:54,-07:00,2026-04-02T14:32:54-07:00,0,14
projects/index.html,3,html,b96c2a88,Eric Zhao,2026-04-02,14:32:54,-07:00,2026-04-02T14:32:54-07:00,0,4
projects/index.html,4,html,b96c2a88,Eric Zhao,2026-04-02,14:32:54,-07:00,2026-04-02T14:32:54-07:00,2,20
projects/index.html,5,html,b96c2a88,Eric Zhao,2026-04-02,14:32:54,-07:00,2026-04-02T14:32:54-07:00,2,68
projects/index.html,6,html,b96c2a88,Eric Zhao,2026-04-02,14:32:54,-07:00,2026-04-02T14:32:54-07:00,2,21
projects/index.html,7,html,9fd58beb,Eric Zhao,2026-04-10,23:09:59,-07:00,2026-04-10T23:09:59-07:00,2,41
projects/index.html,8,html,aad7930e,Eric Zhao,2026-04-17,21:13:43,-07:00,2026-04-17T21:13:43-07:00,2,48
projects/index.html,9,html,cbc9de51,Eric Zhao,2026-04-24,17:12:16,-07:00,2026-04-24T17:12:16-07:00,2,47
projects/index.html,10,html,b96c2a88,Eric Zhao,2026-04-02,14:32:54,-07:00,2026-04-02T14:32:54-07:00,0,5
projects/index.html,11,html,b96c2a88,Eric Zhao,2026-04-02,14:32:54,-07:00,2026-04-02T14:32:54-07:00,0,4
projects/index.html,12,html,1d71da28,Eric Zhao,2026-04-02,16:17:42,-07:00,2026-04-02T16:17:42-07:00,2,6
projects/index.html,13,html,cbc9de51,Eric Zhao,2026-04-24,17:12:16,-07:00,2026-04-24T17:12:16-07:00,4,38
projects/index.html,14,html,1f0bde4a,Eric Zhao,2026-05-01,13:19:18,-07:00,2026-05-01T13:19:18-07:00,0,0
projects/index.html,15,html,1f0bde4a,Eric Zhao,2026-05-01,13:19:18,-07:00,2026-05-01T13:19:18-07:00,4,21
projects/index.html,16,html,1f0bde4a,Eric Zhao,2026-05-01,13:19:18,-07:00,2026-05-01T13:19:18-07:00,8,58
projects/index.html,17,html,1f0bde4a,Eric Zhao,2026-05-01,13:19:18,-07:00,2026-05-01T13:19:18-07:00,8,22
projects/index.html,18,html,1f0bde4a,Eric Zhao,2026-05-01,13:19:18,-07:00,2026-05-01T13:19:18-07:00,4,4
projects/index.html,19,html,1f0bde4a,Eric Zhao,2026-05-01,13:19:18,-07:00,2026-05-01T13:19:18-07:00,4,100
projects/index.html,20,html,cbc9de51,Eric Zhao,2026-04-24,17:12:16,-07:00,2026-04-24T17:12:16-07:00,2,14
projects/index.html,21,html,1d71da28,Eric Zhao,2026-04-02,16:17:42,-07:00,2026-04-02T16:17:42-07:00,4,18
projects/index.html,22,html,1d71da28,Eric Zhao,2026-04-02,16:17:42,-07:00,2026-04-02T16:17:42-07:00,6,15
projects/index.html,23,html,1d71da28,Eric Zhao,2026-04-02,16:17:42,-07:00,2026-04-02T16:17:42-07:00,6,98
projects/index.html,24,html,1d71da28,Eric Zhao,2026-04-02,16:17:42,-07:00,2026-04-02T16:17:42-07:00,4,8
projects/index.html,25,html,1d71da28,Eric Zhao,2026-04-02,16:17:42,-07:00,2026-04-02T16:17:42-07:00,0,0
projects/index.html,26,html,fc838fa3,Eric Zhao,2026-04-10,23:16:01,-07:00,2026-04-10T23:16:01-07:00,4,23
projects/index.html,27,html,1d71da28,Eric Zhao,2026-04-02,16:17:42,-07:00,2026-04-02T16:17:42-07:00,6,17
projects/index.html,28,html,fc838fa3,Eric Zhao,2026-04-10,23:16:01,-07:00,2026-04-10T23:16:01-07:00,6,32
projects/index.html,29,html,fc838fa3,Eric Zhao,2026-04-10,23:16:01,-07:00,2026-04-10T23:16:01-07:00,8,7
projects/index.html,30,html,cbc9de51,Eric Zhao,2026-04-24,17:12:16,-07:00,2026-04-24T17:12:16-07:00,10,6
projects/index.html,31,html,cbc9de51,Eric Zhao,2026-04-24,17:12:16,-07:00,2026-04-24T17:12:16-07:00,12,27
projects/index.html,32,html,cbc9de51,Eric Zhao,2026-04-24,17:12:16,-07:00,2026-04-24T17:12:16-07:00,12,56
projects/index.html,33,html,cbc9de51,Eric Zhao,2026-04-24,17:12:16,-07:00,2026-04-24T17:12:16-07:00,10,7
projects/index.html,34,html,cbc9de51,Eric Zhao,2026-04-24,17:12:16,-07:00,2026-04-24T17:12:16-07:00,8,8
projects/index.html,35,html,1d71da28,Eric Zhao,2026-04-02,16:17:42,-07:00,2026-04-02T16:17:42-07:00,0,0
projects/index.html,36,html,cbc9de51,Eric Zhao,2026-04-24,17:12:16,-07:00,2026-04-24T17:12:16-07:00,8,7
projects/index.html,37,html,cbc9de51,Eric Zhao,2026-04-24,17:12:16,-07:00,2026-04-24T17:12:16-07:00,10,6
projects/index.html,38,html,cbc9de51,Eric Zhao,2026-04-24,17:12:16,-07:00,2026-04-24T17:12:16-07:00,12,24
projects/index.html,39,html,cbc9de51,Eric Zhao,2026-04-24,17:12:16,-07:00,2026-04-24T17:12:16-07:00,12,56
projects/index.html,40,html,cbc9de51,Eric Zhao,2026-04-24,17:12:16,-07:00,2026-04-24T17:12:16-07:00,10,7
projects/index.html,41,html,cbc9de51,Eric Zhao,2026-04-24,17:12:16,-07:00,2026-04-24T17:12:16-07:00,8,8
projects/index.html,42,html,1d71da28,Eric Zhao,2026-04-02,16:17:42,-07:00,2026-04-02T16:17:42-07:00,0,0
projects/index.html,43,html,cbc9de51,Eric Zhao,2026-04-24,17:12:16,-07:00,2026-04-24T17:12:16-07:00,8,7
projects/index.html,44,html,cbc9de51,Eric Zhao,2026-04-24,17:12:16,-07:00,2026-04-24T17:12:16-07:00,10,6
projects/index.html,45,html,cbc9de51,Eric Zhao,2026-04-24,17:12:16,-07:00,2026-04-24T17:12:16-07:00,12,16
projects/index.html,46,html,cbc9de51,Eric Zhao,2026-04-24,17:12:16,-07:00,2026-04-24T17:12:16-07:00,12,56
projects/index.html,47,html,cbc9de51,Eric Zhao,2026-04-24,17:12:16,-07:00,2026-04-24T17:12:16-07:00,10,7
projects/index.html,48,html,cbc9de51,Eric Zhao,2026-04-24,17:12:16,-07:00,2026-04-24T17:12:16-07:00,8,8
projects/index.html,49,html,fc838fa3,Eric Zhao,2026-04-10,23:16:01,-07:00,2026-04-10T23:16:01-07:00,6,4
projects/index.html,50,html,cbc9de51,Eric Zhao,2026-04-24,17:12:16,-07:00,2026-04-24T17:12:16-07:00,4,8
projects/index.html,51,html,fc838fa3,Eric Zhao,2026-04-10,23:16:01,-07:00,2026-04-10T23:16:01-07:00,6,0
projects/index.html,52,html,cbc9de51,Eric Zhao,2026-04-24,17:12:16,-07:00,2026-04-24T17:12:16-07:00,4,20
projects/index.html,53,html,cbc9de51,Eric Zhao,2026-04-24,17:12:16,-07:00,2026-04-24T17:12:16-07:00,6,4
projects/index.html,54,html,1d71da28,Eric Zhao,2026-04-02,16:17:42,-07:00,2026-04-02T16:17:42-07:00,2,5
projects/index.html,55,html,b96c2a88,Eric Zhao,2026-04-02,14:32:54,-07:00,2026-04-02T14:32:54-07:00,0,5
projects/index.html,56,html,b96c2a88,Eric Zhao,2026-04-02,14:32:54,-07:00,2026-04-02T14:32:54-07:00,0,5
meta/index.html,1,html,0965d841,Eric Zhao,2026-05-08,13:44:14,-07:00,2026-05-08T13:44:14-07:00,0,13
meta/index.html,2,html,0965d841,Eric Zhao,2026-05-08,13:44:14,-07:00,2026-05-08T13:44:14-07:00,0,14
meta/index.html,3,html,0965d841,Eric Zhao,2026-05-08,13:44:14,-07:00,2026-05-08T13:44:14-07:00,0,4
meta/index.html,4,html,0965d841,Eric Zhao,2026-05-08,13:44:14,-07:00,2026-05-08T13:44:14-07:00,2,20
meta/index.html,5,html,0965d841,Eric Zhao,2026-05-08,13:44:14,-07:00,2026-05-08T13:44:14-07:00,2,68
meta/index.html,6,html,0965d841,Eric Zhao,2026-05-08,13:44:14,-07:00,2026-05-08T13:44:14-07:00,2,17
meta/index.html,7,html,0965d841,Eric Zhao,2026-05-08,13:44:14,-07:00,2026-05-08T13:44:14-07:00,2,41
meta/index.html,8,html,0965d841,Eric Zhao,2026-05-08,13:44:14,-07:00,2026-05-08T13:44:14-07:00,2,48
meta/index.html,9,html,0965d841,Eric Zhao,2026-05-08,13:44:14,-07:00,2026-05-08T13:44:14-07:00,2,47
meta/index.html,10,html,0965d841,Eric Zhao,2026-05-08,13:44:14,-07:00,2026-05-08T13:44:14-07:00,0,5
meta/index.html,11,html,0965d841,Eric Zhao,2026-05-08,13:44:14,-07:00,2026-05-08T13:44:14-07:00,0,4
meta/index.html,12,html,0965d841,Eric Zhao,2026-05-08,13:44:14,-07:00,2026-05-08T13:44:14-07:00,2,6
meta/index.html,13,html,0965d841,Eric Zhao,2026-05-08,13:44:14,-07:00,2026-05-08T13:44:14-07:00,4,25
meta/index.html,14,html,0965d841,Eric Zhao,2026-05-08,13:44:14,-07:00,2026-05-08T13:44:14-07:00,4,49
meta/index.html,15,html,0965d841,Eric Zhao,2026-05-08,13:44:14,-07:00,2026-05-08T13:44:14-07:00,2,7
meta/index.html,16,html,0965d841,Eric Zhao,2026-05-08,13:44:14,-07:00,2026-05-08T13:44:14-07:00,0,5
meta/index.html,17,html,0965d841,Eric Zhao,2026-05-08,13:44:14,-07:00,2026-05-08T13:44:14-07:00,0,5
contact/index.html,1,html,b96c2a88,Eric Zhao,2026-04-02,14:32:54,-07:00,2026-04-02T14:32:54-07:00,0,13
contact/index.html,2,html,b96c2a88,Eric Zhao,2026-04-02,14:32:54,-07:00,2026-04-02T14:32:54-07:00,0,14
contact/index.html,3,html,b96c2a88,Eric Zhao,2026-04-02,14:32:54,-07:00,2026-04-02T14:32:54-07:00,0,4
contact/index.html,4,html,b96c2a88,Eric Zhao,2026-04-02,14:32:54,-07:00,2026-04-02T14:32:54-07:00,2,20
contact/index.html,5,html,b96c2a88,Eric Zhao,2026-04-02,14:32:54,-07:00,2026-04-02T14:32:54-07:00,2,68
contact/index.html,6,html,b96c2a88,Eric Zhao,2026-04-02,14:32:54,-07:00,2026-04-02T14:32:54-07:00,2,20
contact/index.html,7,html,9fd58beb,Eric Zhao,2026-04-10,23:09:59,-07:00,2026-04-10T23:09:59-07:00,2,41
contact/index.html,8,html,aad7930e,Eric Zhao,2026-04-17,21:13:43,-07:00,2026-04-17T21:13:43-07:00,2,48
contact/index.html,9,html,b96c2a88,Eric Zhao,2026-04-02,14:32:54,-07:00,2026-04-02T14:32:54-07:00,0,0
contact/index.html,10,html,b96c2a88,Eric Zhao,2026-04-02,14:32:54,-07:00,2026-04-02T14:32:54-07:00,0,5
contact/index.html,11,html,b96c2a88,Eric Zhao,2026-04-02,14:32:54,-07:00,2026-04-02T14:32:54-07:00,0,4
contact/index.html,12,html,b96c2a88,Eric Zhao,2026-04-02,14:32:54,-07:00,2026-04-02T14:32:54-07:00,2,14
contact/index.html,13,html,2abcc44a,Eric Zhao,2026-04-02,15:51:30,-07:00,2026-04-02T15:51:30-07:00,2,71
contact/index.html,14,html,8819c56e,Eric Zhao,2026-04-02,15:44:26,-07:00,2026-04-02T15:44:26-07:00,4,5
contact/index.html,15,html,8819c56e,Eric Zhao,2026-04-02,15:44:26,-07:00,2026-04-02T15:44:26-07:00,6,4
contact/index.html,16,html,8819c56e,Eric Zhao,2026-04-02,15:44:26,-07:00,2026-04-02T15:44:26-07:00,6,31
contact/index.html,17,html,8819c56e,Eric Zhao,2026-04-02,15:44:26,-07:00,2026-04-02T15:44:26-07:00,4,6
contact/index.html,18,html,8819c56e,Eric Zhao,2026-04-02,15:44:26,-07:00,2026-04-02T15:44:26-07:00,4,5
contact/index.html,19,html,8819c56e,Eric Zhao,2026-04-02,15:44:26,-07:00,2026-04-02T15:44:26-07:00,6,6
contact/index.html,20,html,8819c56e,Eric Zhao,2026-04-02,15:44:26,-07:00,2026-04-02T15:44:26-07:00,6,20
contact/index.html,21,html,8819c56e,Eric Zhao,2026-04-02,15:44:26,-07:00,2026-04-02T15:44:26-07:00,4,6
contact/index.html,22,html,8819c56e,Eric Zhao,2026-04-02,15:44:26,-07:00,2026-04-02T15:44:26-07:00,4,5
contact/index.html,23,html,8819c56e,Eric Zhao,2026-04-02,15:44:26,-07:00,2026-04-02T15:44:26-07:00,6,6
contact/index.html,24,html,8819c56e,Eric Zhao,2026-04-02,15:44:26,-07:00,2026-04-02T15:44:26-07:00,6,31
contact/index.html,25,html,8819c56e,Eric Zhao,2026-04-02,15:44:26,-07:00,2026-04-02T15:44:26-07:00,4,6
contact/index.html,26,html,1d71da28,Eric Zhao,2026-04-02,16:17:42,-07:00,2026-04-02T16:17:42-07:00,4,0
contact/index.html,27,html,9fd58beb,Eric Zhao,2026-04-10,23:09:59,-07:00,2026-04-10T23:09:59-07:00,4,19
contact/index.html,28,html,1104e796,Eric Zhao,2026-04-02,15:24:53,-07:00,2026-04-02T15:24:53-07:00,2,5
contact/index.html,29,html,b96c2a88,Eric Zhao,2026-04-02,14:32:54,-07:00,2026-04-02T14:32:54-07:00,0,0
contact/index.html,30,html,b96c2a88,Eric Zhao,2026-04-02,14:32:54,-07:00,2026-04-02T14:32:54-07:00,0,5
contact/index.html,31,html,b96c2a88,Eric Zhao,2026-04-02,14:32:54,-07:00,2026-04-02T14:32:54-07:00,0,5
